add_id,delivery_address1,delivery_address2,delivery_city,delivery_zipcode
1,619 Guerrero Harbors Apt. 829,,Columbus,43201
2,83711 John Branch,,Columbus,43207
3,57779 Berry Stravenue Suite 484,,Columbus,43205
4,81826 Jones Summit Apt. 429,,Columbus,43004
5,17950 Jennifer Cape,Apt. 910,Columbus,43229
6,879 Amanda Rapid Apt. 643,Apt. 753,Columbus,43205
7,54919 Mcgee Mall,,Columbus,43004
8,138 Renee Plains Suite 834,,Columbus,43004
9,97324 Bruce Grove,,Columbus,43004
10,652 Silva Passage Apt. 886,,Columbus,43230
11,348 Carter Gateway Suite 455,,Columbus,43201
12,9371 King Viaduct Suite 720,,Columbus,43206
13,051 Hughes Mountain,,Columbus,43224
14,283 Gutierrez Alley,,Columbus,43207
15,5138 Kenneth Green Suite 705,,Columbus,43224
16,929 Campbell Spring Suite 862,Suite 473,Columbus,43229
17,89154 Elaine Roads Apt. 616,Apt. 219,Columbus,43224
18,705 Carson Fall,,Columbus,43201
19,914 Denise Union Apt. 450,,Columbus,43004
20,626 Michael Harbor Apt. 904,Apt. 399,Columbus,43229
21,9675 Newman Garden,Apt. 633,Columbus,43215
22,0965 Parker Overpass Apt. 295,,Columbus,43068
23,8053 Tiffany Lodge Suite 684,,Columbus,43224
24,51090 Foster Ridge,,Columbus,43205
25,1758 Katelyn Estate Suite 754,Suite 627,Columbus,43207
26,77767 Ruth Lights Suite 263,,Columbus,43205
27,706 Carlos Island,,Columbus,43205
28,432 Williams Mall,,Columbus,43230
29,587 Barbara Throughway Apt. 930,,Columbus,43224
30,353 Amy Cliff,,Columbus,43224
31,8440 Hannah Dale,,Columbus,43215
32,5432 Cameron Court Suite 445,,Columbus,43205
33,91050 Lin Streets Suite 306,,Columbus,43206
34,99955 Nicholas Roads Suite 722,,Columbus,43207
35,3824 Gonzalez Track Suite 151,,Columbus,43229
36,66371 Cheryl Neck,,Columbus,43004
37,688 Chris Wells,,Columbus,43224
38,5629 Kimberly Mill,,Columbus,43201
39,09001 Jordan Course Apt. 153,,Columbus,43201
40,70462 Powell Street Apt. 301,,Columbus,43229
41,39625 Carl Ports Suite 595,,Columbus,43207
42,9342 Matthew Landing,,Columbus,43068
43,179 Gomez Pass Apt. 447,,Columbus,43224
44,896 William Curve Suite 690,,Columbus,43230
45,9321 Shari Forge,,Columbus,43230
46,50237 Howard Pine,Apt. 455,Columbus,43206
47,3537 Gary Junctions Suite 966,,Columbus,43004
48,009 Rachel Fall Suite 695,,Columbus,43068
49,43520 Morgan Parks,,Columbus,43068
50,689 Edgar Harbor Suite 218,,Columbus,43207
51,77429 Jessica Dale Suite 613,,Columbus,43206
52,0901 Martin Island,,Columbus,43205
53,16644 Riggs Plains Suite 701,,Columbus,43205
54,3326 Matthew Flats,,Columbus,43206
55,6747 Taylor Roads,,Columbus,43229
56,82788 Johnson Crescent,,Columbus,43229
57,4208 Perry Plaza Apt. 207,,Columbus,43230
58,36449 Joseph Haven Apt. 472,,Columbus,43004
59,5230 Brown Groves,,Columbus,43201
60,95993 Bradley Rue Suite 042,,Columbus,43205
61,1544 Daniel Point Apt. 363,,Columbus,43004
62,798 Savannah Green,,Columbus,43224
63,378 Anthony Vista Apt. 238,Suite 117,Columbus,43229
64,984 Riley Meadow,,Columbus,43201
65,4443 Rebecca Trace,,Columbus,43215
66,3505 William Trail,,Columbus,43206
67,48520 Ashley Springs,,Columbus,43205
68,660 Joseph Falls Suite 756,,Columbus,43215
69,6588 Vega Drives,,Columbus,43004
70,86522 Rios Fields,,Columbus,43206
71,583 Gary Freeway,,Columbus,43206
72,3467 Mccarthy Circles Apt. 170,,Columbus,43004
73,50431 Barry Extensions,,Columbus,43068
74,25569 Hayes Burg Apt. 813,,Columbus,43201
75,17209 Jacob Junctions,Apt. 679,Columbus,43224
76,95241 Johnston Mountain,,Columbus,43215
77,0771 Oliver Cliff Apt. 375,,Columbus,43207
78,73408 Luis Radial,,Columbus,43205
79,88501 Anna Union Apt. 994,Apt. 948,Columbus,43230
80,2872 Ryan Orchard Suite 815,,Columbus,43004
81,08306 Samuel Heights Suite 653,,Columbus,43206
82,253 Michael Cove,,Columbus,43004
83,12274 Karen Crescent,,Columbus,43004
84,20525 Kimberly Glens,,Columbus,43229
85,186 Bean Spring Suite 111,,Columbus,43004
86,37054 Johnson Fort Suite 837,,Columbus,43207
87,27993 James Junctions,,Columbus,43229
88,74075 Thompson Ville,,Columbus,43224
89,9064 Kevin Brook,,Columbus,43004
90,63530 Adams Extension Apt. 399,,Columbus,43207
91,96596 Larson Drive Apt. 401,,Columbus,43224
92,294 Chad Street Suite 635,Suite 045,Columbus,43004
93,728 Colon Crossing Suite 752,,Columbus,43207
94,20314 Christy Wall Suite 651,Apt. 379,Columbus,43201
95,4732 Pittman Mill Suite 351,,Columbus,43201
96,40402 Lynch Rapids Apt. 203,,Columbus,43205
97,2085 Zachary Heights,,Columbus,43215
98,1633 Jessica Ramp Apt. 987,,Columbus,43207
99,985 Ochoa Ways,,Columbus,43068
100,43442 Jackson Stream,,Columbus,43207
101,44621 Laura Throughway,,Columbus,43229
102,87616 Joseph Club,,Columbus,43205
103,0420 Kenneth Harbor,,Columbus,43224
104,577 Watson Stream Suite 000,,Columbus,43230
105,17917 Bradley Estate Apt. 932,,Columbus,43201
106,172 Melissa Plains Apt. 688,,Columbus,43205
107,23976 Kelly Flat Suite 262,Suite 104,Columbus,43224
108,571 Richardson Forks Suite 557,,Columbus,43205
109,2426 Acevedo Villages Apt. 731,,Columbus,43207
110,058 Kimberly Turnpike,,Columbus,43206
111,2686 Rachel Views Apt. 029,,Columbus,43215
112,5213 Jonathan Flats Apt. 064,,Columbus,43205
113,5044 Young Cliffs Suite 625,,Columbus,43004
114,0537 Amanda Inlet,Apt. 349,Columbus,43004
115,674 Kimberly Hills Apt. 739,,Columbus,43205
116,2426 Patricia Falls,,Columbus,43207
117,6298 Fitzgerald Rapid,,Columbus,43230
118,455 Pitts Expressway Apt. 593,,Columbus,43229
119,869 Davila Club Apt. 277,,Columbus,43206
120,4584 Garcia Locks Apt. 736,,Columbus,43229
121,37037 Gamble Spur Apt. 730,,Columbus,43230
122,4648 Alexis Camp Suite 202,,Columbus,43004
123,3742 Brown Lane,,Columbus,43230
124,8725 Lisa Hollow,,Columbus,43215
125,515 Perkins Shoals Suite 682,,Columbus,43201
126,705 King Mountain,,Columbus,43004
127,610 Mullins Park,Suite 770,Columbus,43224
128,913 Brittney Parks,Apt. 736,Columbus,43068
129,634 Clark Haven,,Columbus,43004
130,14951 Gabriel Well Apt. 883,,Columbus,43004
131,57497 Laura Ridges,Apt. 422,Columbus,43206
132,77151 Amanda Mall Suite 777,Apt. 822,Columbus,43205
133,96747 Barry Glens,,Columbus,43207
134,2234 Derrick Junctions Suite 907,,Columbus,43068
135,100 Church Fort Apt. 403,,Columbus,43068
136,47290 Norris Lodge,Apt. 899,Columbus,43205
137,0125 Amy Turnpike,,Columbus,43068
138,525 Daniels Village,,Columbus,43224
139,94239 Phillips Drives,,Columbus,43207
140,792 Stevens Loaf,,Columbus,43224
141,72126 Campbell Drives Apt. 418,,Columbus,43229
142,3263 Jennifer Mews,Suite 806,Columbus,43215
143,07755 Patrick Islands Suite 399,,Columbus,43205
144,65709 Jon Dale,Apt. 836,Columbus,43068
145,17016 Mueller Centers Suite 323,,Columbus,43205
146,56734 Paul Neck,Suite 771,Columbus,43207
147,47317 Hubbard Dam Apt. 261,,Columbus,43206
148,472 Walter Parks,,Columbus,43205
149,5512 Flowers Street Apt. 710,,Columbus,43224
150,98988 Gloria Station Suite 873,,Columbus,43230
151,28370 James Pines,,Columbus,43215
152,2991 Tina Fords,,Columbus,43004
153,153 Stewart Streets,Apt. 901,Columbus,43004
154,5226 Maddox Place Suite 581,,Columbus,43205
155,509 Patricia Mill,,Columbus,43206
156,0426 Perez Lake,,Columbus,43205
157,3138 Nelson Spurs Suite 092,,Columbus,43206
158,29525 Nicholas Wall Apt. 809,,Columbus,43068
159,66651 Daniel Burg Apt. 059,,Columbus,43224
160,1014 Rogers Fall Apt. 687,,Columbus,43215
161,702 Sharon Ports Suite 805,,Columbus,43215
162,306 Carlos Gardens,,Columbus,43201
163,02408 Williams Stravenue,Suite 403,Columbus,43229
164,1581 Michael Rapids,,Columbus,43201
165,61430 Michael Glens,Suite 856,Columbus,43206
166,4136 Tiffany Branch,,Columbus,43215
167,4279 Campbell Groves Apt. 488,,Columbus,43230
168,90031 Lewis Wells,,Columbus,43229
169,3769 Anna Extension,,Columbus,43205
170,86306 Elliott Point,Suite 565,Columbus,43206
171,42070 Rebecca Motorway Apt. 831,,Columbus,43224
172,23706 Hatfield Parks,,Columbus,43206
173,91132 Gary Greens Apt. 659,,Columbus,43201
174,94738 Barrera Ways Apt. 407,,Columbus,43201
175,1237 Cody Burg,,Columbus,43207
176,16934 Chelsea Camp Apt. 346,,Columbus,43205
177,5873 Cook Prairie,,Columbus,43004
178,787 Brandy Forge,,Columbus,43229
179,9772 George Point,,Columbus,43206
180,9483 David View,,Columbus,43207
181,211 Lewis Squares,,Columbus,43206
182,30525 Marsh Springs,,Columbus,43201
183,8879 Mark Squares Suite 626,,Columbus,43224
184,6535 West Mission Suite 121,,Columbus,43229
185,038 Stephen Junctions,,Columbus,43207
186,866 Abbott Isle,,Columbus,43205
187,204 Smith Mountains,,Columbus,43201
188,026 Jared Road,,Columbus,43207
189,8618 Nolan Pike Apt. 655,,Columbus,43230
190,625 Li Keys,,Columbus,43207
191,6202 Howe Shoals Apt. 552,,Columbus,43207
192,2438 Horton Lane Apt. 860,,Columbus,43215
193,699 Kramer Road Suite 904,,Columbus,43215
194,9009 Knight Junction Suite 859,,Columbus,43004
195,2249 Stafford Trafficway,,Columbus,43004
196,845 Melissa Spurs,,Columbus,43201
197,2119 Dunn Summit Suite 954,Apt. 526,Columbus,43215
198,4639 Kim Pines,,Columbus,43215
199,4408 Jason Hills,Suite 546,Columbus,43068
200,9090 Joy Village,,Columbus,43224
201,4943 Jesse Dale Suite 079,,Columbus,43004
202,48165 Benjamin Points Suite 633,Apt. 971,Columbus,43068
203,4180 Williams Street Apt. 899,,Columbus,43201
204,7770 Erika Forges,,Columbus,43201
205,7481 Micheal Parkway Suite 371,,Columbus,43004
206,793 Garrett Lights,,Columbus,43207
207,9915 Anderson Spur Apt. 625,,Columbus,43205
208,647 Rojas Radial,,Columbus,43224
209,24484 Martinez Curve,,Columbus,43205
210,5514 Jessica Tunnel Suite 544,,Columbus,43215
211,656 Jason Vista Suite 604,,Columbus,43229
212,89197 Taylor Underpass Suite 375,,Columbus,43215
213,3602 Rojas Tunnel,,Columbus,43207
214,43275 Montoya Road,,Columbus,43229
215,8267 Reyes Club,,Columbus,43206
216,346 Charles Union,,Columbus,43215
217,34041 Byrd Prairie,,Columbus,43201
218,779 Hendrix Ferry Apt. 088,,Columbus,43207
219,8995 Jerry Haven,,Columbus,43068
220,656 Newman Coves,,Columbus,43224
221,0994 Clements Mews,,Columbus,43230
222,56302 Christopher Freeway,,Columbus,43004
223,067 Love Mountain Suite 289,,Columbus,43206
224,3098 Atkins Ramp,,Columbus,43215
225,723 Smith Ways,,Columbus,43068
226,044 Patrick Junctions Apt. 271,,Columbus,43207
227,666 Williams Burg,,Columbus,43207
228,7193 Eric Ville,,Columbus,43206
229,181 Lori Garden Suite 305,Suite 848,Columbus,43207
230,70562 Brent Lights,,Columbus,43068
231,97056 Jennifer Coves Apt. 456,,Columbus,43205
232,9090 Turner Mission Suite 816,,Columbus,43068
233,75374 Frank Turnpike Suite 442,,Columbus,43229
234,4114 Humphrey Brooks Apt. 322,,Columbus,43207
235,276 Erika Lane Apt. 370,Apt. 420,Columbus,43201
236,2606 Steve Meadow Apt. 547,,Columbus,43205
237,3825 Jessica Creek,,Columbus,43207
238,4069 William Field Apt. 353,,Columbus,43004
239,028 Brady Rapid,,Columbus,43004
240,486 Bates Land,,Columbus,43205
241,24650 Black Street,,Columbus,43230
242,281 Gary Drives,,Columbus,43004
243,701 Jackson Falls,,Columbus,43230
244,8476 Jamie Haven,,Columbus,43004
245,69228 Thomas Throughway Suite 743,,Columbus,43004
246,723 Vargas Port,,Columbus,43206
247,40754 Roberson Throughway Apt. 276,,Columbus,43230
248,17822 Rosales Junction,,Columbus,43207
249,5152 Tiffany Canyon Suite 032,,Columbus,43215
250,46905 White Garden Suite 447,,Columbus,43004
251,59982 Andrews Route Apt. 321,,Columbus,43207
252,897 Herrera Haven Apt. 463,,Columbus,43205
253,27182 William Gateway,,Columbus,43207
254,8543 Dean Course,,Columbus,43224
255,010 Vickie Flats Apt. 796,,Columbus,43205
256,82625 Wilkins Tunnel Apt. 446,Apt. 103,Columbus,43207
257,106 Andrew Turnpike Apt. 772,,Columbus,43206
258,30032 Leslie Plains,,Columbus,43205
259,0218 Martin Lane,,Columbus,43224
260,96323 Padilla Mountains Apt. 502,,Columbus,43229
261,15228 Evans Parkway Apt. 587,Suite 368,Columbus,43229
262,742 Brittany Land,,Columbus,43068
263,70107 Katherine Radial Suite 410,,Columbus,43201
264,08106 Clayton Mountains,,Columbus,43068
265,15309 Tony Cliffs Suite 375,,Columbus,43201
266,24487 Holt Summit,,Columbus,43215
267,4081 Monica Station,,Columbus,43229
268,623 Marcus Mission,,Columbus,43004
269,49438 Matthew Lane,,Columbus,43207
270,6478 Le Shoal Suite 073,,Columbus,43215
271,5888 Alexis Meadows Suite 541,,Columbus,43201
272,8838 Stephens Spring Apt. 750,,Columbus,43229
273,5775 Green Shoals,,Columbus,43230
274,8344 Smith Greens,,Columbus,43068
275,901 Zamora Forge,,Columbus,43229
276,53204 Johnson Square,,Columbus,43201
277,2838 Bennett Skyway Apt. 251,Apt. 791,Columbus,43229
278,415 Jennifer Extension,Suite 516,Columbus,43230
279,159 Clark Corners,,Columbus,43215
280,3873 Jennifer Dam,,Columbus,43207
281,44719 Joel Lane Suite 672,,Columbus,43224
282,030 Wendy Plaza,,Columbus,43229
283,75416 Cory Cliff Suite 750,,Columbus,43229
284,368 Blake Fields Apt. 531,,Columbus,43205
285,40758 Michelle Greens,,Columbus,43004
286,68842 Lauren Center Apt. 683,Apt. 438,Columbus,43224
287,1524 Sheila Burgs,,Columbus,43205
288,4665 Dalton Forges,,Columbus,43201
289,226 Thompson Mission,,Columbus,43207
290,746 Obrien Trail,,Columbus,43201
291,73033 Hill Course Apt. 356,,Columbus,43207
292,542 Shea Mountain Suite 495,Apt. 432,Columbus,43205
293,7090 Bailey Lodge Suite 955,,Columbus,43207
294,579 Katherine Trail Apt. 537,,Columbus,43215
295,506 Brown Keys,,Columbus,43206
296,13847 Gary Falls Apt. 668,,Columbus,43205
297,778 Lisa Neck,,Columbus,43206
298,46964 Thomas Inlet Suite 649,,Columbus,43205
299,60432 Donna Coves Suite 017,,Columbus,43215
300,208 Eileen Orchard Suite 737,,Columbus,43229
